{
  "orderNumber": 4336446,
  "fulfillmentSetNumber": 1,
  "equipmentSetNumber": 1,
  "equipmentAmount": 7600678.55773,
  "shipToId": 2759586,
  "shipToAddress1": "JAGATPUR",
  "shipToCity": "CUTTACK",
  "rsdd": "2020-11-24T12:06:00Z",
  "rosd": "2020-12-12T12:06:00Z",
  "aosdManualTrackFlag": 1,
  "risd": "2020-12-12T12:06:00Z",
  "ricd": "2020-12-12T12:06:00Z",
  "crd": "2020-12-12T12:06:00Z",
  "cs": 0,
  "cd": 0,
  "deltaAd": 0,
  "deltaIcd": 0,
  "deltaIsd": 0,
  "deltaOsd": 0,
  "deltaSdd": 0,
  "sitingRequiredFlag": 0,
  "geInstallationFlag": 1,
  "salesAreaId": 100023282,
  "salesAreaNumber": "802037",
  "salesAreaName": "Territory Manager Bhubaneshwar",
  "serviceAreaId": 100013583,
  "serviceAreaNumber": "801128",
  "serviceAreaName": "Service Calcutta-High End",
  "serviceChannelFlag": 0,
  "marketSegmentId": 92,
  "marketSegmentName": "Market Unassigned",
  "psiCode": "CSEC11",
  "psiQty": 1,
  "psiDescription": "REVOLUTION ACTS SVCT INDIA",
  "psiModality": "210",
  "freightForwarderId": 0,
  "deleted": 0,
  "changeUser": "502453694",
  "changeReasonId": 0,
  "changeDate": "2016-08-04T07:52:30Z",
  "orderAreaId": 0,
  "changeUserName": "Y. S., Mr. GAGAN (GAGAN)",
  "eisdManualFlag": 0,
  "eicdManualFlag": 0,
  "eadManualFlag": 0,
  "shipToPostalCode": "754021",
  "shipToState": "ORISSA",
  "shipToCountry": "IN",
  "constructionSite": 0,
  "steelToeArea": 0,
  "tiltbedTowtruck": 0,
  "customerContact": "x x",
  "goldseal": 0,
  "renewResourceReturn": 0,
  "ordercontrolPoint": "305017127",
  "ordercontrolPointName": "PV, Vinitha",
  "ordercontrolPointEmail": "null@ge.com",
  "procure": 0,
  "aicdManualFlag": 0,
  "aisdManualFlag": 0,
  "cadManualFlag": 0,
  "psiKeycat": "B75542EA",
  "multiPsi": 0,
  "wip": "WIP1",
  "confidence": "CONFI1",
  "lineTransactionType": 12661,
  "lineTransactionTypeDesc": "EXT_LINE_DOM_PDY_BILLING",
  "deliveryContactEmail": "x@x.com",
  "gemsNetworkingInstRequired": "No Issue",
  "asddManualFlag": 0,
  "aosdManualFlag": 0,
  "ultShipToState": "ORISSA",
  "ultShipToPostalCode": "754021",
  "ultShipToId": 2759586,
  "ultShipToCountry": "IN",
  "ultShipToCity": "CUTTACK",
  "ultShipToAddress1": "JAGATPUR",
  "shipFromType": "NORMAL",
  "psiModalityDescription": "CT",
  "cfPreInstall": 0,
  "cfDuringInstall": 0,
  "cfPostInstall": 0,
  "transSeqNumber": 16874541,
  "allowRsddOffDays": 0,
  "_links": [
    {
      "rel": "self",
      "href": "/eom/v3/orders/4336446/fulfillmentSets/1/1"
    }
  ]
}